text,label
[r/TrueFilm Discussion #41] Overrated film. The actors felt like they were just reading lines off a teleprompter and I didn't care about any of the characters.,surface_opinion
[r/TrueFilm Discussion #18] Bong Joon-ho utilizes spatial geography in Parasite—specifically staircases and vertical elevation—to physically represent class stratification and systemic inequality.,thematic_analysis
"[r/TrueFilm Discussion #91] The editing choices in Mad Max: Fury Road keep the focal point centered on screen, which allows rapid cuts without disorienting the viewer during high-speed action.",technical_critique
[r/TrueFilm Discussion #198] Bong Joon-ho utilizes spatial geography in Parasite—specifically staircases and vertical elevation—to physically represent class stratification and systemic inequality.,thematic_analysis
[r/TrueFilm Discussion #188] I turned it off after 40 minutes. The dialogue was super cringey and none of the jokes landed for me at all.,surface_opinion
"[r/TrueFilm Discussion #15] Kurosawa's use of weather in Seven Samurai serves to externalize the emotional turmoil of the villagers, with the final rain battle acting as a thematic washing away of social class barriers.",thematic_analysis
[r/TrueFilm Discussion #56] I turned it off after 40 minutes. The dialogue was super cringey and none of the jokes landed for me at all.,surface_opinion
"[r/TrueFilm Discussion #336] In Coppola's The Conversation, the audio tape distortion acts as a physical manifestation of Harry's decaying psychological state and growing surveillance paranoia throughout the film.",thematic_analysis
"[r/TrueFilm Discussion #179] A total masterpiece. 10/10 movie, easily one of the best films I've seen all year.",surface_opinion
[r/TrueFilm Discussion #354] Bong Joon-ho utilizes spatial geography in Parasite—specifically staircases and vertical elevation—to physically represent class stratification and systemic inequality.,thematic_analysis
"[r/TrueFilm Discussion #45] Tarkovsky's manipulation of temporal pacing in Stalker creates a meditative, hypnotic atmosphere that forces the audience into deep introspection.",technical_critique
"[r/TrueFilm Discussion #12] In Coppola's The Conversation, the audio tape distortion acts as a physical manifestation of Harry's decaying psychological state and growing surveillance paranoia throughout the film.",thematic_analysis
"[r/TrueFilm Discussion #192] In Coppola's The Conversation, the audio tape distortion acts as a physical manifestation of Harry's decaying psychological state and growing surveillance paranoia throughout the film.",thematic_analysis
[r/TrueFilm Discussion #304] The cinematography in Villeneuve's Dune relies heavily on natural lighting and high contrast shadow play to emphasize the brutal scale of Arrakis.,technical_critique
[r/TrueFilm Discussion #20] I turned it off after 40 minutes. The dialogue was super cringey and none of the jokes landed for me at all.,surface_opinion
[r/TrueFilm Discussion #157] The long tracking shot in Children of Men relies on hidden cuts during smoke effects to maintain unbroken visual tension during the siege scene.,technical_critique
[r/TrueFilm Discussion #42] Bong Joon-ho utilizes spatial geography in Parasite—specifically staircases and vertical elevation—to physically represent class stratification and systemic inequality.,thematic_analysis
[r/TrueFilm Discussion #200] I turned it off after 40 minutes. The dialogue was super cringey and none of the jokes landed for me at all.,surface_opinion
"[r/TrueFilm Discussion #123] Kurosawa's use of weather in Seven Samurai serves to externalize the emotional turmoil of the villagers, with the final rain battle acting as a thematic washing away of social class barriers.",thematic_analysis
[r/TrueFilm Discussion #61] The long tracking shot in Children of Men relies on hidden cuts during smoke effects to maintain unbroken visual tension during the siege scene.,technical_critique
"[r/TrueFilm Discussion #31] The editing choices in Mad Max: Fury Road keep the focal point centered on screen, which allows rapid cuts without disorienting the viewer during high-speed action.",technical_critique
"[r/TrueFilm Discussion #323] A total masterpiece. 10/10 movie, easily one of the best films I've seen all year.",surface_opinion
[r/TrueFilm Discussion #258] Bong Joon-ho utilizes spatial geography in Parasite—specifically staircases and vertical elevation—to physically represent class stratification and systemic inequality.,thematic_analysis
"[r/TrueFilm Discussion #62] Honestly couldn't stand this movie, the pacing was way too slow and I got bored after 30 minutes in the theater.",technical_critique
"[r/TrueFilm Discussion #134] Honestly couldn't stand this movie, the pacing was way too slow and I got bored after 30 minutes in the theater.",technical_critique
"[r/TrueFilm Discussion #219] Kurosawa's use of weather in Seven Samurai serves to externalize the emotional turmoil of the villagers, with the final rain battle acting as a thematic washing away of social class barriers.",thematic_analysis
"[r/TrueFilm Discussion #47] A total masterpiece. 10/10 movie, easily one of the best films I've seen all year.",surface_opinion
"[r/TrueFilm Discussion #170] Honestly couldn't stand this movie, the pacing was way too slow and I got bored after 30 minutes in the theater.",technical_critique
[r/TrueFilm Discussion #77] Overrated film. The actors felt like they were just reading lines off a teleprompter and I didn't care about any of the characters.,surface_opinion
"[r/TrueFilm Discussion #168] In Coppola's The Conversation, the audio tape distortion acts as a physical manifestation of Harry's decaying psychological state and growing surveillance paranoia throughout the film.",thematic_analysis
"[r/TrueFilm Discussion #24] In Coppola's The Conversation, the audio tape distortion acts as a physical manifestation of Harry's decaying psychological state and growing surveillance paranoia throughout the film.",thematic_analysis
[r/TrueFilm Discussion #233] Overrated film. The actors felt like they were just reading lines off a teleprompter and I didn't care about any of the characters.,surface_opinion
"[r/TrueFilm Discussion #110] Honestly couldn't stand this movie, the pacing was way too slow and I got bored after 30 minutes in the theater.",technical_critique
[r/TrueFilm Discussion #197] Overrated film. The actors felt like they were just reading lines off a teleprompter and I didn't care about any of the characters.,surface_opinion
[r/TrueFilm Discussion #133] The long tracking shot in Children of Men relies on hidden cuts during smoke effects to maintain unbroken visual tension during the siege scene.,technical_critique
"[r/TrueFilm Discussion #223] The editing choices in Mad Max: Fury Road keep the focal point centered on screen, which allows rapid cuts without disorienting the viewer during high-speed action.",technical_critique
"[r/TrueFilm Discussion #108] In Coppola's The Conversation, the audio tape distortion acts as a physical manifestation of Harry's decaying psychological state and growing surveillance paranoia throughout the film.",thematic_analysis
"[r/TrueFilm Discussion #345] Tarkovsky's manipulation of temporal pacing in Stalker creates a meditative, hypnotic atmosphere that forces the audience into deep introspection.",technical_critique
"[r/TrueFilm Discussion #139] The editing choices in Mad Max: Fury Road keep the focal point centered on screen, which allows rapid cuts without disorienting the viewer during high-speed action.",technical_critique
[r/TrueFilm Discussion #246] Bong Joon-ho utilizes spatial geography in Parasite—specifically staircases and vertical elevation—to physically represent class stratification and systemic inequality.,thematic_analysis
"[r/TrueFilm Discussion #216] In Coppola's The Conversation, the audio tape distortion acts as a physical manifestation of Harry's decaying psychological state and growing surveillance paranoia throughout the film.",thematic_analysis
"[r/TrueFilm Discussion #303] Kurosawa's use of weather in Seven Samurai serves to externalize the emotional turmoil of the villagers, with the final rain battle acting as a thematic washing away of social class barriers.",thematic_analysis
"[r/TrueFilm Discussion #324] In Coppola's The Conversation, the audio tape distortion acts as a physical manifestation of Harry's decaying psychological state and growing surveillance paranoia throughout the film.",thematic_analysis
[r/TrueFilm Discussion #121] The long tracking shot in Children of Men relies on hidden cuts during smoke effects to maintain unbroken visual tension during the siege scene.,technical_critique
"[r/TrueFilm Discussion #183] Kurosawa's use of weather in Seven Samurai serves to externalize the emotional turmoil of the villagers, with the final rain battle acting as a thematic washing away of social class barriers.",thematic_analysis
[r/TrueFilm Discussion #320] I turned it off after 40 minutes. The dialogue was super cringey and none of the jokes landed for me at all.,surface_opinion
"[r/TrueFilm Discussion #72] In Coppola's The Conversation, the audio tape distortion acts as a physical manifestation of Harry's decaying psychological state and growing surveillance paranoia throughout the film.",thematic_analysis
"[r/TrueFilm Discussion #103] The editing choices in Mad Max: Fury Road keep the focal point centered on screen, which allows rapid cuts without disorienting the viewer during high-speed action.",technical_critique
"[r/TrueFilm Discussion #218] Honestly couldn't stand this movie, the pacing was way too slow and I got bored after 30 minutes in the theater.",technical_critique
[r/TrueFilm Discussion #32] I turned it off after 40 minutes. The dialogue was super cringey and none of the jokes landed for me at all.,surface_opinion
[r/TrueFilm Discussion #137] Overrated film. The actors felt like they were just reading lines off a teleprompter and I didn't care about any of the characters.,surface_opinion
"[r/TrueFilm Discussion #99] Kurosawa's use of weather in Seven Samurai serves to externalize the emotional turmoil of the villagers, with the final rain battle acting as a thematic washing away of social class barriers.",thematic_analysis
[r/TrueFilm Discussion #76] The cinematography in Villeneuve's Dune relies heavily on natural lighting and high contrast shadow play to emphasize the brutal scale of Arrakis.,technical_critique
[r/TrueFilm Discussion #305] Overrated film. The actors felt like they were just reading lines off a teleprompter and I didn't care about any of the characters.,surface_opinion
"[r/TrueFilm Discussion #251] A total masterpiece. 10/10 movie, easily one of the best films I've seen all year.",surface_opinion
[r/TrueFilm Discussion #328] The cinematography in Villeneuve's Dune relies heavily on natural lighting and high contrast shadow play to emphasize the brutal scale of Arrakis.,technical_critique
[r/TrueFilm Discussion #292] The cinematography in Villeneuve's Dune relies heavily on natural lighting and high contrast shadow play to emphasize the brutal scale of Arrakis.,technical_critique
[r/TrueFilm Discussion #236] I turned it off after 40 minutes. The dialogue was super cringey and none of the jokes landed for me at all.,surface_opinion
"[r/TrueFilm Discussion #167] A total masterpiece. 10/10 movie, easily one of the best films I've seen all year.",surface_opinion
"[r/TrueFilm Discussion #107] A total masterpiece. 10/10 movie, easily one of the best films I've seen all year.",surface_opinion
"[r/TrueFilm Discussion #156] In Coppola's The Conversation, the audio tape distortion acts as a physical manifestation of Harry's decaying psychological state and growing surveillance paranoia throughout the film.",thematic_analysis
"[r/TrueFilm Discussion #359] A total masterpiece. 10/10 movie, easily one of the best films I've seen all year.",surface_opinion
[r/TrueFilm Discussion #37] The long tracking shot in Children of Men relies on hidden cuts during smoke effects to maintain unbroken visual tension during the siege scene.,technical_critique
"[r/TrueFilm Discussion #295] The editing choices in Mad Max: Fury Road keep the focal point centered on screen, which allows rapid cuts without disorienting the viewer during high-speed action.",technical_critique
"[r/TrueFilm Discussion #237] Tarkovsky's manipulation of temporal pacing in Stalker creates a meditative, hypnotic atmosphere that forces the audience into deep introspection.",technical_critique
[r/TrueFilm Discussion #162] Bong Joon-ho utilizes spatial geography in Parasite—specifically staircases and vertical elevation—to physically represent class stratification and systemic inequality.,thematic_analysis
"[r/TrueFilm Discussion #315] Kurosawa's use of weather in Seven Samurai serves to externalize the emotional turmoil of the villagers, with the final rain battle acting as a thematic washing away of social class barriers.",thematic_analysis
"[r/TrueFilm Discussion #275] A total masterpiece. 10/10 movie, easily one of the best films I've seen all year.",surface_opinion
"[r/TrueFilm Discussion #227] A total masterpiece. 10/10 movie, easily one of the best films I've seen all year.",surface_opinion
[r/TrueFilm Discussion #68] I turned it off after 40 minutes. The dialogue was super cringey and none of the jokes landed for me at all.,surface_opinion
[r/TrueFilm Discussion #128] I turned it off after 40 minutes. The dialogue was super cringey and none of the jokes landed for me at all.,surface_opinion
[r/TrueFilm Discussion #341] Overrated film. The actors felt like they were just reading lines off a teleprompter and I didn't care about any of the characters.,surface_opinion
[r/TrueFilm Discussion #265] The long tracking shot in Children of Men relies on hidden cuts during smoke effects to maintain unbroken visual tension during the siege scene.,technical_critique
"[r/TrueFilm Discussion #297] Tarkovsky's manipulation of temporal pacing in Stalker creates a meditative, hypnotic atmosphere that forces the audience into deep introspection.",technical_critique
"[r/TrueFilm Discussion #279] Kurosawa's use of weather in Seven Samurai serves to externalize the emotional turmoil of the villagers, with the final rain battle acting as a thematic washing away of social class barriers.",thematic_analysis
[r/TrueFilm Discussion #353] Overrated film. The actors felt like they were just reading lines off a teleprompter and I didn't care about any of the characters.,surface_opinion
"[r/TrueFilm Discussion #338] Honestly couldn't stand this movie, the pacing was way too slow and I got bored after 30 minutes in the theater.",technical_critique
"[r/TrueFilm Discussion #36] In Coppola's The Conversation, the audio tape distortion acts as a physical manifestation of Harry's decaying psychological state and growing surveillance paranoia throughout the film.",thematic_analysis
[r/TrueFilm Discussion #49] The long tracking shot in Children of Men relies on hidden cuts during smoke effects to maintain unbroken visual tension during the siege scene.,technical_critique
[r/TrueFilm Discussion #80] I turned it off after 40 minutes. The dialogue was super cringey and none of the jokes landed for me at all.,surface_opinion
"[r/TrueFilm Discussion #60] In Coppola's The Conversation, the audio tape distortion acts as a physical manifestation of Harry's decaying psychological state and growing surveillance paranoia throughout the film.",thematic_analysis
[r/TrueFilm Discussion #226] The sound design in Sound of Metal uses sudden dampening and extreme low-pass filtering to immerse the audience in Ruben's experience of hearing loss.,technical_critique
"[r/TrueFilm Discussion #93] Tarkovsky's manipulation of temporal pacing in Stalker creates a meditative, hypnotic atmosphere that forces the audience into deep introspection.",technical_critique
[r/TrueFilm Discussion #269] Overrated film. The actors felt like they were just reading lines off a teleprompter and I didn't care about any of the characters.,surface_opinion
"[r/TrueFilm Discussion #159] Kurosawa's use of weather in Seven Samurai serves to externalize the emotional turmoil of the villagers, with the final rain battle acting as a thematic washing away of social class barriers.",thematic_analysis
"[r/TrueFilm Discussion #27] Kurosawa's use of weather in Seven Samurai serves to externalize the emotional turmoil of the villagers, with the final rain battle acting as a thematic washing away of social class barriers.",thematic_analysis
[r/TrueFilm Discussion #4] The cinematography in Villeneuve's Dune relies heavily on natural lighting and high contrast shadow play to emphasize the brutal scale of Arrakis.,technical_critique
[r/TrueFilm Discussion #224] I turned it off after 40 minutes. The dialogue was super cringey and none of the jokes landed for me at all.,surface_opinion
[r/TrueFilm Discussion #136] The cinematography in Villeneuve's Dune relies heavily on natural lighting and high contrast shadow play to emphasize the brutal scale of Arrakis.,technical_critique
[r/TrueFilm Discussion #101] Overrated film. The actors felt like they were just reading lines off a teleprompter and I didn't care about any of the characters.,surface_opinion
"[r/TrueFilm Discussion #165] Tarkovsky's manipulation of temporal pacing in Stalker creates a meditative, hypnotic atmosphere that forces the audience into deep introspection.",technical_critique
"[r/TrueFilm Discussion #249] Tarkovsky's manipulation of temporal pacing in Stalker creates a meditative, hypnotic atmosphere that forces the audience into deep introspection.",technical_critique
"[r/TrueFilm Discussion #194] Honestly couldn't stand this movie, the pacing was way too slow and I got bored after 30 minutes in the theater.",technical_critique
"[r/TrueFilm Discussion #33] Tarkovsky's manipulation of temporal pacing in Stalker creates a meditative, hypnotic atmosphere that forces the audience into deep introspection.",technical_critique
"[r/TrueFilm Discussion #87] Kurosawa's use of weather in Seven Samurai serves to externalize the emotional turmoil of the villagers, with the final rain battle acting as a thematic washing away of social class barriers.",thematic_analysis
[r/TrueFilm Discussion #185] Overrated film. The actors felt like they were just reading lines off a teleprompter and I didn't care about any of the characters.,surface_opinion
"[r/TrueFilm Discussion #230] Honestly couldn't stand this movie, the pacing was way too slow and I got bored after 30 minutes in the theater.",technical_critique
[r/TrueFilm Discussion #248] I turned it off after 40 minutes. The dialogue was super cringey and none of the jokes landed for me at all.,surface_opinion
[r/TrueFilm Discussion #308] I turned it off after 40 minutes. The dialogue was super cringey and none of the jokes landed for me at all.,surface_opinion
"[r/TrueFilm Discussion #151] The editing choices in Mad Max: Fury Road keep the focal point centered on screen, which allows rapid cuts without disorienting the viewer during high-speed action.",technical_critique
[r/TrueFilm Discussion #82] The sound design in Sound of Metal uses sudden dampening and extreme low-pass filtering to immerse the audience in Ruben's experience of hearing loss.,technical_critique
[r/TrueFilm Discussion #173] Overrated film. The actors felt like they were just reading lines off a teleprompter and I didn't care about any of the characters.,surface_opinion
"[r/TrueFilm Discussion #143] A total masterpiece. 10/10 movie, easily one of the best films I've seen all year.",surface_opinion
"[r/TrueFilm Discussion #288] In Coppola's The Conversation, the audio tape distortion acts as a physical manifestation of Harry's decaying psychological state and growing surveillance paranoia throughout the film.",thematic_analysis
"[r/TrueFilm Discussion #267] Kurosawa's use of weather in Seven Samurai serves to externalize the emotional turmoil of the villagers, with the final rain battle acting as a thematic washing away of social class barriers.",thematic_analysis
[r/TrueFilm Discussion #161] Overrated film. The actors felt like they were just reading lines off a teleprompter and I didn't care about any of the characters.,surface_opinion
[r/TrueFilm Discussion #272] I turned it off after 40 minutes. The dialogue was super cringey and none of the jokes landed for me at all.,surface_opinion
[r/TrueFilm Discussion #270] Bong Joon-ho utilizes spatial geography in Parasite—specifically staircases and vertical elevation—to physically represent class stratification and systemic inequality.,thematic_analysis
"[r/TrueFilm Discussion #243] Kurosawa's use of weather in Seven Samurai serves to externalize the emotional turmoil of the villagers, with the final rain battle acting as a thematic washing away of social class barriers.",thematic_analysis
"[r/TrueFilm Discussion #0] In Coppola's The Conversation, the audio tape distortion acts as a physical manifestation of Harry's decaying psychological state and growing surveillance paranoia throughout the film.",thematic_analysis
[r/TrueFilm Discussion #5] Overrated film. The actors felt like they were just reading lines off a teleprompter and I didn't care about any of the characters.,surface_opinion
"[r/TrueFilm Discussion #23] A total masterpiece. 10/10 movie, easily one of the best films I've seen all year.",surface_opinion
"[r/TrueFilm Discussion #201] Tarkovsky's manipulation of temporal pacing in Stalker creates a meditative, hypnotic atmosphere that forces the audience into deep introspection.",technical_critique
[r/TrueFilm Discussion #222] Bong Joon-ho utilizes spatial geography in Parasite—specifically staircases and vertical elevation—to physically represent class stratification and systemic inequality.,thematic_analysis
"[r/TrueFilm Discussion #343] The editing choices in Mad Max: Fury Road keep the focal point centered on screen, which allows rapid cuts without disorienting the viewer during high-speed action.",technical_critique
"[r/TrueFilm Discussion #144] In Coppola's The Conversation, the audio tape distortion acts as a physical manifestation of Harry's decaying psychological state and growing surveillance paranoia throughout the film.",thematic_analysis
[r/TrueFilm Discussion #322] The sound design in Sound of Metal uses sudden dampening and extreme low-pass filtering to immerse the audience in Ruben's experience of hearing loss.,technical_critique
[r/TrueFilm Discussion #329] Overrated film. The actors felt like they were just reading lines off a teleprompter and I didn't care about any of the characters.,surface_opinion
[r/TrueFilm Discussion #356] I turned it off after 40 minutes. The dialogue was super cringey and none of the jokes landed for me at all.,surface_opinion
"[r/TrueFilm Discussion #39] Kurosawa's use of weather in Seven Samurai serves to externalize the emotional turmoil of the villagers, with the final rain battle acting as a thematic washing away of social class barriers.",thematic_analysis
[r/TrueFilm Discussion #342] Bong Joon-ho utilizes spatial geography in Parasite—specifically staircases and vertical elevation—to physically represent class stratification and systemic inequality.,thematic_analysis
"[r/TrueFilm Discussion #180] In Coppola's The Conversation, the audio tape distortion acts as a physical manifestation of Harry's decaying psychological state and growing surveillance paranoia throughout the film.",thematic_analysis
[r/TrueFilm Discussion #164] I turned it off after 40 minutes. The dialogue was super cringey and none of the jokes landed for me at all.,surface_opinion
[r/TrueFilm Discussion #150] Bong Joon-ho utilizes spatial geography in Parasite—specifically staircases and vertical elevation—to physically represent class stratification and systemic inequality.,thematic_analysis
[r/TrueFilm Discussion #210] Bong Joon-ho utilizes spatial geography in Parasite—specifically staircases and vertical elevation—to physically represent class stratification and systemic inequality.,thematic_analysis
"[r/TrueFilm Discussion #38] Honestly couldn't stand this movie, the pacing was way too slow and I got bored after 30 minutes in the theater.",technical_critique
"[r/TrueFilm Discussion #120] In Coppola's The Conversation, the audio tape distortion acts as a physical manifestation of Harry's decaying psychological state and growing surveillance paranoia throughout the film.",thematic_analysis
[r/TrueFilm Discussion #293] Overrated film. The actors felt like they were just reading lines off a teleprompter and I didn't care about any of the characters.,surface_opinion
"[r/TrueFilm Discussion #215] A total masterpiece. 10/10 movie, easily one of the best films I've seen all year.",surface_opinion
[r/TrueFilm Discussion #208] The cinematography in Villeneuve's Dune relies heavily on natural lighting and high contrast shadow play to emphasize the brutal scale of Arrakis.,technical_critique
[r/TrueFilm Discussion #113] Overrated film. The actors felt like they were just reading lines off a teleprompter and I didn't care about any of the characters.,surface_opinion
[r/TrueFilm Discussion #352] The cinematography in Villeneuve's Dune relies heavily on natural lighting and high contrast shadow play to emphasize the brutal scale of Arrakis.,technical_critique
[r/TrueFilm Discussion #125] Overrated film. The actors felt like they were just reading lines off a teleprompter and I didn't care about any of the characters.,surface_opinion
"[r/TrueFilm Discussion #195] Kurosawa's use of weather in Seven Samurai serves to externalize the emotional turmoil of the villagers, with the final rain battle acting as a thematic washing away of social class barriers.",thematic_analysis
"[r/TrueFilm Discussion #48] In Coppola's The Conversation, the audio tape distortion acts as a physical manifestation of Harry's decaying psychological state and growing surveillance paranoia throughout the film.",thematic_analysis
"[r/TrueFilm Discussion #319] The editing choices in Mad Max: Fury Road keep the focal point centered on screen, which allows rapid cuts without disorienting the viewer during high-speed action.",technical_critique
[r/TrueFilm Discussion #317] Overrated film. The actors felt like they were just reading lines off a teleprompter and I didn't care about any of the characters.,surface_opinion
"[r/TrueFilm Discussion #135] Kurosawa's use of weather in Seven Samurai serves to externalize the emotional turmoil of the villagers, with the final rain battle acting as a thematic washing away of social class barriers.",thematic_analysis
[r/TrueFilm Discussion #17] Overrated film. The actors felt like they were just reading lines off a teleprompter and I didn't care about any of the characters.,surface_opinion
"[r/TrueFilm Discussion #19] The editing choices in Mad Max: Fury Road keep the focal point centered on screen, which allows rapid cuts without disorienting the viewer during high-speed action.",technical_critique
"[r/TrueFilm Discussion #276] In Coppola's The Conversation, the audio tape distortion acts as a physical manifestation of Harry's decaying psychological state and growing surveillance paranoia throughout the film.",thematic_analysis
[r/TrueFilm Discussion #104] I turned it off after 40 minutes. The dialogue was super cringey and none of the jokes landed for me at all.,surface_opinion
[r/TrueFilm Discussion #102] Bong Joon-ho utilizes spatial geography in Parasite—specifically staircases and vertical elevation—to physically represent class stratification and systemic inequality.,thematic_analysis
[r/TrueFilm Discussion #284] I turned it off after 40 minutes. The dialogue was super cringey and none of the jokes landed for me at all.,surface_opinion
[r/TrueFilm Discussion #58] The sound design in Sound of Metal uses sudden dampening and extreme low-pass filtering to immerse the audience in Ruben's experience of hearing loss.,technical_critique
[r/TrueFilm Discussion #260] I turned it off after 40 minutes. The dialogue was super cringey and none of the jokes landed for me at all.,surface_opinion
"[r/TrueFilm Discussion #153] Tarkovsky's manipulation of temporal pacing in Stalker creates a meditative, hypnotic atmosphere that forces the audience into deep introspection.",technical_critique
[r/TrueFilm Discussion #30] Bong Joon-ho utilizes spatial geography in Parasite—specifically staircases and vertical elevation—to physically represent class stratification and systemic inequality.,thematic_analysis
"[r/TrueFilm Discussion #132] In Coppola's The Conversation, the audio tape distortion acts as a physical manifestation of Harry's decaying psychological state and growing surveillance paranoia throughout the film.",thematic_analysis
[r/TrueFilm Discussion #318] Bong Joon-ho utilizes spatial geography in Parasite—specifically staircases and vertical elevation—to physically represent class stratification and systemic inequality.,thematic_analysis
"[r/TrueFilm Discussion #155] A total masterpiece. 10/10 movie, easily one of the best films I've seen all year.",surface_opinion
"[r/TrueFilm Discussion #187] The editing choices in Mad Max: Fury Road keep the focal point centered on screen, which allows rapid cuts without disorienting the viewer during high-speed action.",technical_critique
"[r/TrueFilm Discussion #191] A total masterpiece. 10/10 movie, easily one of the best films I've seen all year.",surface_opinion
"[r/TrueFilm Discussion #263] A total masterpiece. 10/10 movie, easily one of the best films I've seen all year.",surface_opinion
[r/TrueFilm Discussion #25] The long tracking shot in Children of Men relies on hidden cuts during smoke effects to maintain unbroken visual tension during the siege scene.,technical_critique
[r/TrueFilm Discussion #241] The long tracking shot in Children of Men relies on hidden cuts during smoke effects to maintain unbroken visual tension during the siege scene.,technical_critique
"[r/TrueFilm Discussion #285] Tarkovsky's manipulation of temporal pacing in Stalker creates a meditative, hypnotic atmosphere that forces the audience into deep introspection.",technical_critique
"[r/TrueFilm Discussion #96] In Coppola's The Conversation, the audio tape distortion acts as a physical manifestation of Harry's decaying psychological state and growing surveillance paranoia throughout the film.",thematic_analysis
"[r/TrueFilm Discussion #348] In Coppola's The Conversation, the audio tape distortion acts as a physical manifestation of Harry's decaying psychological state and growing surveillance paranoia throughout the film.",thematic_analysis
[r/TrueFilm Discussion #112] The cinematography in Villeneuve's Dune relies heavily on natural lighting and high contrast shadow play to emphasize the brutal scale of Arrakis.,technical_critique
[r/TrueFilm Discussion #44] I turned it off after 40 minutes. The dialogue was super cringey and none of the jokes landed for me at all.,surface_opinion
"[r/TrueFilm Discussion #347] A total masterpiece. 10/10 movie, easily one of the best films I've seen all year.",surface_opinion
"[r/TrueFilm Discussion #203] A total masterpiece. 10/10 movie, easily one of the best films I've seen all year.",surface_opinion
"[r/TrueFilm Discussion #75] Kurosawa's use of weather in Seven Samurai serves to externalize the emotional turmoil of the villagers, with the final rain battle acting as a thematic washing away of social class barriers.",thematic_analysis
[r/TrueFilm Discussion #196] The cinematography in Villeneuve's Dune relies heavily on natural lighting and high contrast shadow play to emphasize the brutal scale of Arrakis.,technical_critique
[r/TrueFilm Discussion #116] I turned it off after 40 minutes. The dialogue was super cringey and none of the jokes landed for me at all.,surface_opinion
"[r/TrueFilm Discussion #264] In Coppola's The Conversation, the audio tape distortion acts as a physical manifestation of Harry's decaying psychological state and growing surveillance paranoia throughout the film.",thematic_analysis
"[r/TrueFilm Discussion #307] The editing choices in Mad Max: Fury Road keep the focal point centered on screen, which allows rapid cuts without disorienting the viewer during high-speed action.",technical_critique
"[r/TrueFilm Discussion #51] Kurosawa's use of weather in Seven Samurai serves to externalize the emotional turmoil of the villagers, with the final rain battle acting as a thematic washing away of social class barriers.",thematic_analysis
[r/TrueFilm Discussion #73] The long tracking shot in Children of Men relies on hidden cuts during smoke effects to maintain unbroken visual tension during the siege scene.,technical_critique
"[r/TrueFilm Discussion #63] Kurosawa's use of weather in Seven Samurai serves to externalize the emotional turmoil of the villagers, with the final rain battle acting as a thematic washing away of social class barriers.",thematic_analysis
"[r/TrueFilm Discussion #255] Kurosawa's use of weather in Seven Samurai serves to externalize the emotional turmoil of the villagers, with the final rain battle acting as a thematic washing away of social class barriers.",thematic_analysis
[r/TrueFilm Discussion #65] Overrated film. The actors felt like they were just reading lines off a teleprompter and I didn't care about any of the characters.,surface_opinion
[r/TrueFilm Discussion #149] Overrated film. The actors felt like they were just reading lines off a teleprompter and I didn't care about any of the characters.,surface_opinion
[r/TrueFilm Discussion #130] The sound design in Sound of Metal uses sudden dampening and extreme low-pass filtering to immerse the audience in Ruben's experience of hearing loss.,technical_critique
"[r/TrueFilm Discussion #35] A total masterpiece. 10/10 movie, easily one of the best films I've seen all year.",surface_opinion
[r/TrueFilm Discussion #186] Bong Joon-ho utilizes spatial geography in Parasite—specifically staircases and vertical elevation—to physically represent class stratification and systemic inequality.,thematic_analysis
"[r/TrueFilm Discussion #231] Kurosawa's use of weather in Seven Samurai serves to externalize the emotional turmoil of the villagers, with the final rain battle acting as a thematic washing away of social class barriers.",thematic_analysis
"[r/TrueFilm Discussion #300] In Coppola's The Conversation, the audio tape distortion acts as a physical manifestation of Harry's decaying psychological state and growing surveillance paranoia throughout the film.",thematic_analysis
[r/TrueFilm Discussion #176] I turned it off after 40 minutes. The dialogue was super cringey and none of the jokes landed for me at all.,surface_opinion
"[r/TrueFilm Discussion #71] A total masterpiece. 10/10 movie, easily one of the best films I've seen all year.",surface_opinion
[r/TrueFilm Discussion #193] The long tracking shot in Children of Men relies on hidden cuts during smoke effects to maintain unbroken visual tension during the siege scene.,technical_critique
[r/TrueFilm Discussion #281] Overrated film. The actors felt like they were just reading lines off a teleprompter and I didn't care about any of the characters.,surface_opinion
[r/TrueFilm Discussion #221] Overrated film. The actors felt like they were just reading lines off a teleprompter and I didn't care about any of the characters.,surface_opinion
"[r/TrueFilm Discussion #291] Kurosawa's use of weather in Seven Samurai serves to externalize the emotional turmoil of the villagers, with the final rain battle acting as a thematic washing away of social class barriers.",thematic_analysis
"[r/TrueFilm Discussion #351] Kurosawa's use of weather in Seven Samurai serves to externalize the emotional turmoil of the villagers, with the final rain battle acting as a thematic washing away of social class barriers.",thematic_analysis
[r/TrueFilm Discussion #52] The cinematography in Villeneuve's Dune relies heavily on natural lighting and high contrast shadow play to emphasize the brutal scale of Arrakis.,technical_critique
[r/TrueFilm Discussion #140] I turned it off after 40 minutes. The dialogue was super cringey and none of the jokes landed for me at all.,surface_opinion
"[r/TrueFilm Discussion #111] Kurosawa's use of weather in Seven Samurai serves to externalize the emotional turmoil of the villagers, with the final rain battle acting as a thematic washing away of social class barriers.",thematic_analysis
"[r/TrueFilm Discussion #171] Kurosawa's use of weather in Seven Samurai serves to externalize the emotional turmoil of the villagers, with the final rain battle acting as a thematic washing away of social class barriers.",thematic_analysis
[r/TrueFilm Discussion #92] I turned it off after 40 minutes. The dialogue was super cringey and none of the jokes landed for me at all.,surface_opinion
[r/TrueFilm Discussion #29] Overrated film. The actors felt like they were just reading lines off a teleprompter and I didn't care about any of the characters.,surface_opinion
[r/TrueFilm Discussion #174] Bong Joon-ho utilizes spatial geography in Parasite—specifically staircases and vertical elevation—to physically represent class stratification and systemic inequality.,thematic_analysis
[r/TrueFilm Discussion #310] The sound design in Sound of Metal uses sudden dampening and extreme low-pass filtering to immerse the audience in Ruben's experience of hearing loss.,technical_critique
[r/TrueFilm Discussion #138] Bong Joon-ho utilizes spatial geography in Parasite—specifically staircases and vertical elevation—to physically represent class stratification and systemic inequality.,thematic_analysis
[r/TrueFilm Discussion #253] The long tracking shot in Children of Men relies on hidden cuts during smoke effects to maintain unbroken visual tension during the siege scene.,technical_critique
[r/TrueFilm Discussion #346] The sound design in Sound of Metal uses sudden dampening and extreme low-pass filtering to immerse the audience in Ruben's experience of hearing loss.,technical_critique
[r/TrueFilm Discussion #181] The long tracking shot in Children of Men relies on hidden cuts during smoke effects to maintain unbroken visual tension during the siege scene.,technical_critique
[r/TrueFilm Discussion #250] The sound design in Sound of Metal uses sudden dampening and extreme low-pass filtering to immerse the audience in Ruben's experience of hearing loss.,technical_critique
"[r/TrueFilm Discussion #290] Honestly couldn't stand this movie, the pacing was way too slow and I got bored after 30 minutes in the theater.",technical_critique
[r/TrueFilm Discussion #313] The long tracking shot in Children of Men relies on hidden cuts during smoke effects to maintain unbroken visual tension during the siege scene.,technical_critique
"[r/TrueFilm Discussion #228] In Coppola's The Conversation, the audio tape distortion acts as a physical manifestation of Harry's decaying psychological state and growing surveillance paranoia throughout the film.",thematic_analysis
[r/TrueFilm Discussion #296] I turned it off after 40 minutes. The dialogue was super cringey and none of the jokes landed for me at all.,surface_opinion
[r/TrueFilm Discussion #66] Bong Joon-ho utilizes spatial geography in Parasite—specifically staircases and vertical elevation—to physically represent class stratification and systemic inequality.,thematic_analysis
[r/TrueFilm Discussion #85] The long tracking shot in Children of Men relies on hidden cuts during smoke effects to maintain unbroken visual tension during the siege scene.,technical_critique
"[r/TrueFilm Discussion #235] The editing choices in Mad Max: Fury Road keep the focal point centered on screen, which allows rapid cuts without disorienting the viewer during high-speed action.",technical_critique
[r/TrueFilm Discussion #53] Overrated film. The actors felt like they were just reading lines off a teleprompter and I didn't care about any of the characters.,surface_opinion
[r/TrueFilm Discussion #286] The sound design in Sound of Metal uses sudden dampening and extreme low-pass filtering to immerse the audience in Ruben's experience of hearing loss.,technical_critique
"[r/TrueFilm Discussion #312] In Coppola's The Conversation, the audio tape distortion acts as a physical manifestation of Harry's decaying psychological state and growing surveillance paranoia throughout the film.",thematic_analysis
[r/TrueFilm Discussion #280] The cinematography in Villeneuve's Dune relies heavily on natural lighting and high contrast shadow play to emphasize the brutal scale of Arrakis.,technical_critique
